{
  "cross_validation": {
    "mean_score": 0.3875,
    "std_score": 0.06123724356957945,
    "scores": [
      0.3125,
      0.5,
      0.375,
      0.375,
      0.375
    ]
  },
  "test_metrics": {
    "accuracy": 0.25,
    "precision": 0.08333333333333333,
    "recall": 0.25,
    "f1_score": 0.125
  },
  "model_info": {
    "algorithm": "RandomForestClassifier",
    "training_samples": 80,
    "test_samples": 20,
    "features": 2080,
    "classes": 44
  },
  "training_date": "2025-12-21T23:47:41.564683"
}