{
  "cross_validation": {
    "mean_score": 0.375,
    "std_score": 0.03952847075210474,
    "scores": [
      0.3125,
      0.4375,
      0.375,
      0.375,
      0.375
    ]
  },
  "test_metrics": {
    "accuracy": 0.25,
    "precision": 0.06578947368421052,
    "recall": 0.25,
    "f1_score": 0.10416666666666667
  },
  "model_info": {
    "algorithm": "RandomForestClassifier",
    "training_samples": 80,
    "test_samples": 20,
    "features": 2080,
    "classes": 44
  },
  "training_date": "2025-12-21T23:47:43.409138"
}