{
  "cross_validation": {
    "mean_score": 0.35,
    "std_score": 0.09354143466934853,
    "scores": [
      0.375,
      0.25,
      0.5,
      0.25,
      0.375
    ]
  },
  "test_metrics": {
    "accuracy": 0.2,
    "precision": 0.25,
    "recall": 0.2,
    "f1_score": 0.22222222222222224
  },
  "model_info": {
    "algorithm": "SVM",
    "training_samples": 80,
    "test_samples": 20,
    "features": 2080,
    "classes": 44
  },
  "training_date": "2025-12-21T23:48:02.105178"
}