{
  "cross_validation": {
    "mean_score": 0.7765567765567766,
    "std_score": 0.05408360095323588,
    "scores": [
      0.7142857142857143,
      0.8461538461538461,
      0.7692307692307693
    ]
  },
  "test_metrics": {
    "accuracy": 0.9090909090909091,
    "precision": 0.8333333333333335,
    "recall": 0.9090909090909091,
    "f1_score": 0.8677685950413223
  },
  "model_info": {
    "algorithm": "RandomForestClassifier",
    "training_samples": 40,
    "test_samples": 11,
    "features": 174,
    "classes": 4
  },
  "training_date": "2025-12-08T20:08:44.367455"
}