{
  "cross_validation": {
    "mean_score": 0.35,
    "std_score": 0.030618621784789725,
    "scores": [
      0.3125,
      0.375,
      0.375,
      0.375,
      0.3125
    ]
  },
  "test_metrics": {
    "accuracy": 0.25,
    "precision": 0.0625,
    "recall": 0.25,
    "f1_score": 0.1
  },
  "model_info": {
    "algorithm": "SVM",
    "training_samples": 80,
    "test_samples": 20,
    "features": 2080,
    "classes": 44
  },
  "training_date": "2025-12-21T23:48:03.739982"
}