{
  "cross_validation": {
    "mean_score": 0.9487179487179488,
    "std_score": 0.03626188621469472,
    "scores": [
      1.0,
      0.9230769230769231,
      0.9230769230769231
    ]
  },
  "test_metrics": {
    "accuracy": 1.0,
    "precision": 1.0,
    "recall": 1.0,
    "f1_score": 1.0
  },
  "model_info": {
    "algorithm": "LogisticRegression",
    "training_samples": 40,
    "test_samples": 11,
    "features": 174,
    "classes": 4
  },
  "training_date": "2025-12-08T20:08:58.695356"
}