{
  "cross_validation": {
    "mean_score": 0.7527472527472527,
    "std_score": 0.083809972078004,
    "scores": [
      0.6428571428571429,
      0.8461538461538461,
      0.7692307692307693
    ]
  },
  "test_metrics": {
    "accuracy": 0.9090909090909091,
    "precision": 0.8333333333333335,
    "recall": 0.9090909090909091,
    "f1_score": 0.8677685950413223
  },
  "model_info": {
    "algorithm": "RandomForestClassifier",
    "training_samples": 40,
    "test_samples": 11,
    "features": 183,
    "classes": 4
  },
  "training_date": "2025-12-08T20:08:46.897689"
}