{
  "cross_validation": {
    "mean_score": 0.45054945054945056,
    "std_score": 0.015540808377726343,
    "scores": [
      0.42857142857142855,
      0.46153846153846156,
      0.46153846153846156
    ]
  },
  "test_metrics": {
    "accuracy": 0.45454545454545453,
    "precision": 0.20661157024793386,
    "recall": 0.45454545454545453,
    "f1_score": 0.2840909090909091
  },
  "model_info": {
    "algorithm": "SVM",
    "training_samples": 40,
    "test_samples": 11,
    "features": 174,
    "classes": 4
  },
  "training_date": "2025-12-08T20:08:54.245973"
}