{
  "cross_validation": {
    "mean_score": 0.4,
    "std_score": 0.03061862178478973,
    "scores": [
      0.375,
      0.4375,
      0.375,
      0.4375,
      0.375
    ]
  },
  "test_metrics": {
    "accuracy": 0.35,
    "precision": 0.14583333333333334,
    "recall": 0.35,
    "f1_score": 0.20539215686274512
  },
  "model_info": {
    "algorithm": "RandomForestClassifier",
    "training_samples": 80,
    "test_samples": 20,
    "features": 2193,
    "classes": 44
  },
  "training_date": "2025-12-21T23:47:46.019349"
}