{
  "cross_validation": {
    "mean_score": 0.5989010989010989,
    "std_score": 0.04418438857807629,
    "scores": [
      0.6428571428571429,
      0.5384615384615384,
      0.6153846153846154
    ]
  },
  "test_metrics": {
    "accuracy": 0.7272727272727273,
    "precision": 0.7386363636363636,
    "recall": 0.7272727272727273,
    "f1_score": 0.6905594405594406
  },
  "model_info": {
    "algorithm": "LogisticRegression",
    "training_samples": 40,
    "test_samples": 11,
    "features": 174,
    "classes": 4
  },
  "training_date": "2025-12-08T20:09:00.184332"
}