{
  "cross_validation": {
    "mean_score": 0.8498168498168498,
    "std_score": 0.06302069792705221,
    "scores": [
      0.8571428571428571,
      0.9230769230769231,
      0.7692307692307693
    ]
  },
  "test_metrics": {
    "accuracy": 1.0,
    "precision": 1.0,
    "recall": 1.0,
    "f1_score": 1.0
  },
  "model_info": {
    "algorithm": "SVM",
    "training_samples": 40,
    "test_samples": 11,
    "features": 174,
    "classes": 4
  },
  "training_date": "2025-12-08T20:08:50.600987"
}