{
  "cross_validation": {
    "mean_score": 0.3875,
    "std_score": 0.024999999999999998,
    "scores": [
      0.375,
      0.4375,
      0.375,
      0.375,
      0.375
    ]
  },
  "test_metrics": {
    "accuracy": 0.3,
    "precision": 0.0985294117647059,
    "recall": 0.3,
    "f1_score": 0.14696969696969694
  },
  "model_info": {
    "algorithm": "RandomForestClassifier",
    "training_samples": 80,
    "test_samples": 20,
    "features": 2080,
    "classes": 44
  },
  "training_date": "2025-12-21T23:47:38.978321"
}