{
  "cross_validation": {
    "mean_score": 0.8003663003663003,
    "std_score": 0.03306862652979447,
    "scores": [
      0.7857142857142857,
      0.8461538461538461,
      0.7692307692307693
    ]
  },
  "test_metrics": {
    "accuracy": 0.9090909090909091,
    "precision": 0.8333333333333335,
    "recall": 0.9090909090909091,
    "f1_score": 0.8677685950413223
  },
  "model_info": {
    "algorithm": "LogisticRegression",
    "training_samples": 40,
    "test_samples": 11,
    "features": 185,
    "classes": 4
  },
  "training_date": "2025-12-08T20:09:06.571886"
}