{
  "cross_validation": {
    "mean_score": 0.3625,
    "std_score": 0.06123724356957945,
    "scores": [
      0.3125,
      0.4375,
      0.4375,
      0.3125,
      0.3125
    ]
  },
  "test_metrics": {
    "accuracy": 0.2,
    "precision": 0.25,
    "recall": 0.2,
    "f1_score": 0.22222222222222224
  },
  "model_info": {
    "algorithm": "LogisticRegression",
    "training_samples": 80,
    "test_samples": 20,
    "features": 2238,
    "classes": 44
  },
  "training_date": "2025-12-21T23:48:29.084071"
}